{
  "accuracy": 0.69,
  "precision": 0.6417910447761194,
  "recall": 0.86,
  "f1": 0.7350427350427351,
  "n_eval": 100
}